feature,importance
num__SQFT,57.64238366434065
cat__REGION_4,7.4631943562965075
cat__REGION_3,5.637727083675396
num__BEDROOMS,4.522012866097947
cat__REGION_2,4.287528403319189
cat__TITLED_2,4.052699361007788
cat__LOCATION_2,3.2498129233809125
cat__LOCATION_3,3.179348811511444
cat__FOOTINGS_4,1.8907916306159456
cat__REGION_5,1.8824230804427544
cat__FOOTINGS_3,1.5973088899070762
cat__FOOTINGS_2,1.405919356797393
cat__FOOTINGS_5,1.0740061075054461
cat__TITLED_3,0.9446779899817075
cat__LOCATION_9,0.515133797566258
cat__TITLED_9,0.3328629325052567
cat__FOOTINGS_9,0.23275293889099202
cat__LOCATION_4,0.08941580615735942
